id,packet_id,user_agent,ip_hash,created_at
0261f09c-340b-4112-8fb4-4b715f5449e3,334ad42e-759f-41df-aa5b-4b1668670603,"Mozilla/5.0 (Macintosh; Intel Mac OS X 10_15_7) AppleWebKit/537.36 (KHTML, like Gecko) Chrome/140.0.0.0 Safari/537.36",::1,2025-12-02 20:16:38.420816+00
02ba0f3d-ffe3-4a29-930d-f663ea8d092a,334ad42e-759f-41df-aa5b-4b1668670603,"Mozilla/5.0 (Macintosh; Intel Mac OS X 10_15_7) AppleWebKit/537.36 (KHTML, like Gecko) Chrome/140.0.0.0 Safari/537.36",::1,2025-12-02 20:25:41.9126+00
05b78fe8-8b1a-47c2-877c-c39695d976cf,334ad42e-759f-41df-aa5b-4b1668670603,"Mozilla/5.0 (Macintosh; Intel Mac OS X 10_15_7) AppleWebKit/537.36 (KHTML, like Gecko) Chrome/140.0.0.0 Safari/537.36",::1,2025-12-03 15:46:56.954392+00
05d0b854-36a8-41ba-a147-ea659f9332ff,334ad42e-759f-41df-aa5b-4b1668670603,"Mozilla/5.0 (Macintosh; Intel Mac OS X 10_15_7) AppleWebKit/537.36 (KHTML, like Gecko) Chrome/140.0.0.0 Safari/537.36",::1,2025-12-02 18:49:16.930179+00
085b6bac-9635-404e-a7f0-090a54770740,334ad42e-759f-41df-aa5b-4b1668670603,"Mozilla/5.0 (Macintosh; Intel Mac OS X 10_15_7) AppleWebKit/537.36 (KHTML, like Gecko) Chrome/142.0.0.0 Safari/537.36",47.218.223.118,2025-12-03 16:35:30.31967+00
0acf4cec-9e84-4e7b-87ee-19107c51309d,334ad42e-759f-41df-aa5b-4b1668670603,"Mozilla/5.0 (Macintosh; Intel Mac OS X 10_15_7) AppleWebKit/537.36 (KHTML, like Gecko) Chrome/140.0.0.0 Safari/537.36",::1,2025-12-03 15:46:56.840045+00
0c9101ef-5691-4591-b780-946044e93d50,334ad42e-759f-41df-aa5b-4b1668670603,"Mozilla/5.0 (Macintosh; Intel Mac OS X 10_15_7) AppleWebKit/537.36 (KHTML, like Gecko) Chrome/140.0.0.0 Safari/537.36",::1,2025-12-02 21:06:22.486448+00
0d6ea5ee-3313-4e3e-af7f-6c44ca8947df,334ad42e-759f-41df-aa5b-4b1668670603,"Mozilla/5.0 (Macintosh; Intel Mac OS X 10_15_7) AppleWebKit/537.36 (KHTML, like Gecko) Chrome/140.0.0.0 Safari/537.36",::1,2025-12-03 15:53:00.508264+00
0e828c3a-ea8e-41ab-9646-ec5c60bf9da0,334ad42e-759f-41df-aa5b-4b1668670603,"Mozilla/5.0 (Macintosh; Intel Mac OS X 10_15_7) AppleWebKit/537.36 (KHTML, like Gecko) Chrome/140.0.0.0 Safari/537.36",::1,2025-12-02 18:50:00.061677+00
0ff17bc0-0f0a-4b64-b804-f1fb0cdd711b,a4534603-72d0-4f6b-831b-c045ec953d7e,"Mozilla/5.0 (iPhone; CPU iPhone OS 18_7 like Mac OS X) AppleWebKit/605.1.15 (KHTML, like Gecko) Version/26.1 Mobile/15E148 Safari/604.1",47.209.117.20,2025-12-13 01:04:00.481928+00
1006696c-49fb-4f81-a0aa-90d35b8578e4,334ad42e-759f-41df-aa5b-4b1668670603,"Mozilla/5.0 (Macintosh; Intel Mac OS X 10_15_7) AppleWebKit/537.36 (KHTML, like Gecko) Chrome/140.0.0.0 Safari/537.36",::1,2025-12-02 21:05:30.014677+00
101d764a-efe2-4644-83f0-62ee01221133,334ad42e-759f-41df-aa5b-4b1668670603,"Mozilla/5.0 (Macintosh; Intel Mac OS X 10_15_7) AppleWebKit/537.36 (KHTML, like Gecko) Chrome/140.0.0.0 Safari/537.36",::1,2025-12-03 15:53:00.820757+00
10312940-8421-4dd9-b2da-8070cd8388da,334ad42e-759f-41df-aa5b-4b1668670603,"Mozilla/5.0 (Macintosh; Intel Mac OS X 10_15_7) AppleWebKit/537.36 (KHTML, like Gecko) Chrome/140.0.0.0 Safari/537.36",::1,2025-12-03 15:53:00.507337+00
11d4c787-7c36-493c-bbb0-25e73d9333eb,334ad42e-759f-41df-aa5b-4b1668670603,"Mozilla/5.0 (Macintosh; Intel Mac OS X 10_15_7) AppleWebKit/537.36 (KHTML, like Gecko) Chrome/140.0.0.0 Safari/537.36",::1,2025-12-02 20:56:20.670741+00
1275099d-b004-4730-aa0a-ea1683c1a9c3,334ad42e-759f-41df-aa5b-4b1668670603,"Mozilla/5.0 (Macintosh; Intel Mac OS X 10_15_7) AppleWebKit/537.36 (KHTML, like Gecko) Chrome/140.0.0.0 Safari/537.36",::1,2025-12-02 20:51:55.377681+00
133e36a1-d9d2-4671-9567-28672d010f53,334ad42e-759f-41df-aa5b-4b1668670603,"Mozilla/5.0 (Macintosh; Intel Mac OS X 10_15_7) AppleWebKit/537.36 (KHTML, like Gecko) Chrome/142.0.0.0 Safari/537.36",::1,2025-12-02 18:50:02.122774+00
14948b4e-46ce-4b2a-bf03-9b7f5916d59d,334ad42e-759f-41df-aa5b-4b1668670603,"Mozilla/5.0 (Macintosh; Intel Mac OS X 10_15_7) AppleWebKit/537.36 (KHTML, like Gecko) Chrome/142.0.0.0 Safari/537.36",::1,2025-12-02 18:49:17.202237+00
14da6024-9c36-4782-ad14-2b8ea0fa7801,334ad42e-759f-41df-aa5b-4b1668670603,Slackbot-LinkExpanding 1.0 (+https://api.slack.com/robots),3.81.169.67,2025-12-02 20:42:41.93523+00
1606865a-797e-41a1-8148-40be63966f7c,3b612947-10a1-478c-81ab-a723687d0edd,"Mozilla/5.0 (Macintosh; Intel Mac OS X 10_15_7) AppleWebKit/537.36 (KHTML, like Gecko) Chrome/143.0.0.0 Safari/537.36",47.218.223.118,2025-12-16 13:57:14.57807+00
193a6102-4b49-4126-87f3-6fd36af5f929,334ad42e-759f-41df-aa5b-4b1668670603,"Mozilla/5.0 (Macintosh; Intel Mac OS X 10_15_7) AppleWebKit/537.36 (KHTML, like Gecko) Chrome/142.0.0.0 Safari/537.36",47.218.223.118,2025-12-09 20:32:26.552484+00
1ae72726-af30-4d0a-94c6-c30ea06a9cf5,3b612947-10a1-478c-81ab-a723687d0edd,"Mozilla/5.0 (Macintosh; Intel Mac OS X 10_15_7) AppleWebKit/537.36 (KHTML, like Gecko) Chrome/142.0.0.0 Safari/537.36",47.218.223.118,2025-12-03 17:52:05.241084+00
1c46467e-37ab-40d8-b54a-5d018be4820b,334ad42e-759f-41df-aa5b-4b1668670603,"Mozilla/5.0 (Macintosh; Intel Mac OS X 10_15_7) AppleWebKit/537.36 (KHTML, like Gecko) Chrome/142.0.0.0 Safari/537.36",::1,2025-12-02 17:57:36.707395+00
25cf0622-c764-4a08-939e-9a8ef9e342ed,334ad42e-759f-41df-aa5b-4b1668670603,"Mozilla/5.0 (Macintosh; Intel Mac OS X 10_15_7) AppleWebKit/537.36 (KHTML, like Gecko) Chrome/140.0.0.0 Safari/537.36",::1,2025-12-02 20:25:41.960011+00
260dd6af-5478-4b98-a32b-c1ee29d2fb34,334ad42e-759f-41df-aa5b-4b1668670603,"Mozilla/5.0 (Macintosh; Intel Mac OS X 10_15_7) AppleWebKit/537.36 (KHTML, like Gecko) Chrome/140.0.0.0 Safari/537.36",::1,2025-12-02 20:52:26.777221+00
28d69f28-4031-4364-b99f-0d4909595067,a9133bd4-8bc3-455a-aeaf-61cf0aa66db9,"Mozilla/5.0 (Macintosh; Intel Mac OS X 10_15_7) AppleWebKit/537.36 (KHTML, like Gecko) Chrome/142.0.0.0 Safari/537.36",47.218.223.118,2025-12-05 17:52:30.827519+00
2981d7a3-ca18-4e86-b832-2ba927d90058,a4534603-72d0-4f6b-831b-c045ec953d7e,"Mozilla/5.0 (Macintosh; Intel Mac OS X 10_15_7) AppleWebKit/537.36 (KHTML, like Gecko) Chrome/142.0.0.0 Safari/537.36",47.218.223.118,2025-12-09 21:02:37.184079+00
31678bd1-d003-4869-bf5a-e1406e424ff4,334ad42e-759f-41df-aa5b-4b1668670603,"Mozilla/5.0 (Macintosh; Intel Mac OS X 10_15_7) AppleWebKit/537.36 (KHTML, like Gecko) Chrome/142.0.0.0 Safari/537.36",::1,2025-12-02 18:49:17.016993+00
32939151-0f71-493d-9841-3eb6ecf6193a,33adc5c1-5a43-400b-834f-056c9c711ba7,"Mozilla/5.0 (iPhone; CPU iPhone OS 18_7 like Mac OS X) AppleWebKit/605.1.15 (KHTML, like Gecko) Version/26.1 Mobile/15E148 Safari/604.1",99.68.64.29,2025-12-09 21:03:18.379684+00
342b2d3f-5766-41aa-90bf-b05ad9bab0ed,334ad42e-759f-41df-aa5b-4b1668670603,"Mozilla/5.0 (Macintosh; Intel Mac OS X 10_15_7) AppleWebKit/537.36 (KHTML, like Gecko) Chrome/142.0.0.0 Safari/537.36",47.218.223.118,2025-12-02 21:02:10.0316+00
34ddfe67-6fd0-4aff-a8bb-112a7a5b9bc7,d98718ec-e99d-4790-a3e9-f78b2a8409e2,"Mozilla/5.0 (Macintosh; Intel Mac OS X 10_15_7) AppleWebKit/537.36 (KHTML, like Gecko) Chrome/143.0.0.0 Safari/537.36",47.218.223.118,2025-12-10 16:37:15.99207+00
3590ddd6-f670-423b-8cde-1ced3aa19a82,334ad42e-759f-41df-aa5b-4b1668670603,"Mozilla/5.0 (Macintosh; Intel Mac OS X 10_15_7) AppleWebKit/537.36 (KHTML, like Gecko) Chrome/140.0.0.0 Safari/537.36",::1,2025-12-02 18:49:17.421314+00
359595d2-271e-4a3b-90df-ef00e628c31e,334ad42e-759f-41df-aa5b-4b1668670603,"Mozilla/5.0 (Macintosh; Intel Mac OS X 10_15_7) AppleWebKit/537.36 (KHTML, like Gecko) Chrome/142.0.0.0 Safari/537.36",::1,2025-12-02 18:49:59.910455+00
36891408-d794-4a68-9dfa-5275220b4e45,334ad42e-759f-41df-aa5b-4b1668670603,"Mozilla/5.0 (Macintosh; Intel Mac OS X 10_15_7) AppleWebKit/537.36 (KHTML, like Gecko) Chrome/140.0.0.0 Safari/537.36",::1,2025-12-02 21:09:08.697613+00
37c1e6a5-db6f-45af-ac75-089fc212014e,334ad42e-759f-41df-aa5b-4b1668670603,"Mozilla/5.0 (Macintosh; Intel Mac OS X 10_15_7) AppleWebKit/537.36 (KHTML, like Gecko) Chrome/140.0.0.0 Safari/537.36",::1,2025-12-02 18:49:17.434446+00
3a8ae9d6-6192-4a77-9518-66b7b879a99b,334ad42e-759f-41df-aa5b-4b1668670603,"Mozilla/5.0 (Macintosh; Intel Mac OS X 10_15_7) AppleWebKit/537.36 (KHTML, like Gecko) Chrome/142.0.0.0 Safari/537.36",47.218.223.118,2025-12-02 20:42:06.975262+00
3ad8c0ca-0d55-4443-ba9e-4589117f3e48,3b612947-10a1-478c-81ab-a723687d0edd,"Mozilla/5.0 (Macintosh; Intel Mac OS X 10_15_7) AppleWebKit/537.36 (KHTML, like Gecko) Chrome/142.0.0.0 Safari/537.36",47.218.223.118,2025-12-03 16:36:26.714773+00
3ae05704-c71a-406a-8576-e325d86e9d3f,334ad42e-759f-41df-aa5b-4b1668670603,"Mozilla/5.0 (Macintosh; Intel Mac OS X 10_15_7) AppleWebKit/537.36 (KHTML, like Gecko) Chrome/140.0.0.0 Safari/537.36",::1,2025-12-03 15:46:56.576186+00
3b030796-6063-47b1-87dc-e6356301a760,334ad42e-759f-41df-aa5b-4b1668670603,"Mozilla/5.0 (Macintosh; Intel Mac OS X 10_15_7) AppleWebKit/537.36 (KHTML, like Gecko) Chrome/140.0.0.0 Safari/537.36",::1,2025-12-03 15:46:57.117191+00
3bac43f8-77c1-407b-8619-bc6583596a9c,334ad42e-759f-41df-aa5b-4b1668670603,"Mozilla/5.0 (Macintosh; Intel Mac OS X 10_15_7) AppleWebKit/537.36 (KHTML, like Gecko) Chrome/140.0.0.0 Safari/537.36",::1,2025-12-03 15:46:56.596244+00
3f426a2c-dca4-4506-8afb-a8a1b3aecdac,3b612947-10a1-478c-81ab-a723687d0edd,"Mozilla/5.0 (Macintosh; Intel Mac OS X 10_15_7) AppleWebKit/537.36 (KHTML, like Gecko) Chrome/142.0.0.0 Safari/537.36",47.218.223.118,2025-12-03 16:35:55.15876+00
3f538789-b222-49de-9b8f-d7f3f18fb21b,334ad42e-759f-41df-aa5b-4b1668670603,"Mozilla/5.0 (Macintosh; Intel Mac OS X 10_15_7) AppleWebKit/537.36 (KHTML, like Gecko) Chrome/140.0.0.0 Safari/537.36",::1,2025-12-03 15:34:30.228376+00
40763f1c-ad4a-449e-93d3-317d2e6910d6,a4534603-72d0-4f6b-831b-c045ec953d7e,"Mozilla/5.0 (iPhone; CPU iPhone OS 18_7 like Mac OS X) AppleWebKit/605.1.15 (KHTML, like Gecko) Version/26.1 Mobile/15E148 Safari/604.1",47.209.117.20,2025-12-14 21:15:06.392353+00
413b7317-3128-4672-bc0b-b9d716da949e,334ad42e-759f-41df-aa5b-4b1668670603,"Mozilla/5.0 (Macintosh; Intel Mac OS X 10_15_7) AppleWebKit/537.36 (KHTML, like Gecko) Chrome/140.0.0.0 Safari/537.36",::1,2025-12-03 15:46:56.267725+00
4650bb22-2f53-49c5-bdbe-9e4b886ad1d5,334ad42e-759f-41df-aa5b-4b1668670603,"Mozilla/5.0 (Macintosh; Intel Mac OS X 10_15_7) AppleWebKit/537.36 (KHTML, like Gecko) Chrome/142.0.0.0 Safari/537.36",47.218.223.118,2025-12-03 14:58:29.784667+00
471f80f5-8a28-474b-abf6-5327420694d6,334ad42e-759f-41df-aa5b-4b1668670603,"Mozilla/5.0 (Macintosh; Intel Mac OS X 10_15_7) AppleWebKit/537.36 (KHTML, like Gecko) Chrome/140.0.0.0 Safari/537.36",::1,2025-12-03 15:46:56.18315+00
49819825-a1e4-4552-974d-9915685cd926,334ad42e-759f-41df-aa5b-4b1668670603,"Mozilla/5.0 (Macintosh; Intel Mac OS X 10_15_7) AppleWebKit/537.36 (KHTML, like Gecko) Chrome/140.0.0.0 Safari/537.36",::1,2025-12-03 15:46:57.035692+00
4bacb504-614d-49b6-b5d1-291723d9786a,33adc5c1-5a43-400b-834f-056c9c711ba7,"Mozilla/5.0 (Macintosh; Intel Mac OS X 10_15_7) AppleWebKit/537.36 (KHTML, like Gecko) Chrome/142.0.0.0 Safari/537.36",47.218.223.118,2025-12-09 19:21:27.159415+00
4eb4ba07-2ace-4967-924c-7d91de901e97,334ad42e-759f-41df-aa5b-4b1668670603,"Mozilla/5.0 (Macintosh; Intel Mac OS X 10_15_7) AppleWebKit/537.36 (KHTML, like Gecko) Chrome/140.0.0.0 Safari/537.36",::1,2025-12-02 20:16:57.331583+00
4f3d73c8-4982-4689-b8a6-bae7e79550d6,3b612947-10a1-478c-81ab-a723687d0edd,"Mozilla/5.0 (Macintosh; Intel Mac OS X 10_15_7) AppleWebKit/537.36 (KHTML, like Gecko) Chrome/142.0.0.0 Safari/537.36",47.218.223.118,2025-12-03 15:54:35.848752+00
504c99fe-599f-4870-8617-bf856f1200df,334ad42e-759f-41df-aa5b-4b1668670603,"Mozilla/5.0 (Macintosh; Intel Mac OS X 10_15_7) AppleWebKit/537.36 (KHTML, like Gecko) Chrome/140.0.0.0 Safari/537.36",::1,2025-12-03 15:46:56.329444+00
517f7269-6ea3-4eea-92ae-d7568f81be4f,334ad42e-759f-41df-aa5b-4b1668670603,"Mozilla/5.0 (Macintosh; Intel Mac OS X 10_15_7) AppleWebKit/537.36 (KHTML, like Gecko) Chrome/140.0.0.0 Safari/537.36",::1,2025-12-03 15:46:57.508189+00
537c02bb-9aea-4ebf-8113-6bea27a3a2d2,334ad42e-759f-41df-aa5b-4b1668670603,"Mozilla/5.0 (Macintosh; Intel Mac OS X 10_15_7) AppleWebKit/537.36 (KHTML, like Gecko) Chrome/140.0.0.0 Safari/537.36",::1,2025-12-02 20:51:45.155844+00
53e28acc-8b1c-4ceb-bf07-05a649296969,334ad42e-759f-41df-aa5b-4b1668670603,"Mozilla/5.0 (Macintosh; Intel Mac OS X 10_15_7) AppleWebKit/537.36 (KHTML, like Gecko) Chrome/140.0.0.0 Safari/537.36",::1,2025-12-02 20:56:30.802996+00
5594399a-42ae-40da-b518-be271c32edb2,334ad42e-759f-41df-aa5b-4b1668670603,"Mozilla/5.0 (Macintosh; Intel Mac OS X 10_15_7) AppleWebKit/537.36 (KHTML, like Gecko) Chrome/140.0.0.0 Safari/537.36",::1,2025-12-03 15:53:00.508283+00
58d912e7-7d73-47f5-8931-79fb8c5f2b9e,334ad42e-759f-41df-aa5b-4b1668670603,"Mozilla/5.0 (Macintosh; Intel Mac OS X 10_15_7) AppleWebKit/537.36 (KHTML, like Gecko) Chrome/140.0.0.0 Safari/537.36",::1,2025-12-03 15:46:56.316503+00
5d3c083a-9ef4-499d-be4b-ab3e221afa9c,334ad42e-759f-41df-aa5b-4b1668670603,"Mozilla/5.0 (Macintosh; Intel Mac OS X 10_15_7) AppleWebKit/537.36 (KHTML, like Gecko) Chrome/142.0.0.0 Safari/537.36",::1,2025-12-02 18:50:00.028851+00
5d4e90e9-f4b3-49e0-b92a-3ec7f9fc3725,334ad42e-759f-41df-aa5b-4b1668670603,"Mozilla/5.0 (Macintosh; Intel Mac OS X 10_15_7) AppleWebKit/537.36 (KHTML, like Gecko) Chrome/140.0.0.0 Safari/537.36",::1,2025-12-02 18:50:00.107016+00
5dbbd7b0-1348-449e-8f38-9097e3bb2164,334ad42e-759f-41df-aa5b-4b1668670603,"Mozilla/5.0 (Macintosh; Intel Mac OS X 10_15_7) AppleWebKit/537.36 (KHTML, like Gecko) Chrome/142.0.0.0 Safari/537.36",47.218.223.118,2025-12-09 20:16:34.728611+00
608b56cd-6608-43d9-b3cc-cb0487cbff45,334ad42e-759f-41df-aa5b-4b1668670603,"Mozilla/5.0 (Macintosh; Intel Mac OS X 10_15_7) AppleWebKit/537.36 (KHTML, like Gecko) Chrome/140.0.0.0 Safari/537.36",::1,2025-12-02 17:36:44.570438+00
6094414c-c919-4398-9c8a-7c51db250b82,334ad42e-759f-41df-aa5b-4b1668670603,"Mozilla/5.0 (Macintosh; Intel Mac OS X 10_15_7) AppleWebKit/537.36 (KHTML, like Gecko) Chrome/140.0.0.0 Safari/537.36",::1,2025-12-03 15:46:21.005262+00
6191a1e1-c9b1-46b5-b172-3c0e9e744803,334ad42e-759f-41df-aa5b-4b1668670603,"Mozilla/5.0 (Macintosh; Intel Mac OS X 10_15_7) AppleWebKit/537.36 (KHTML, like Gecko) Chrome/142.0.0.0 Safari/537.36",::1,2025-12-02 18:50:02.390516+00
65a7ed42-92d3-4a16-a851-96b2cc250c5f,334ad42e-759f-41df-aa5b-4b1668670603,"Mozilla/5.0 (Macintosh; Intel Mac OS X 10_15_7) AppleWebKit/537.36 (KHTML, like Gecko) Chrome/140.0.0.0 Safari/537.36",::1,2025-12-03 15:46:56.757605+00
6a2f4530-0b5b-4590-a781-2fa4091f600f,334ad42e-759f-41df-aa5b-4b1668670603,"Mozilla/5.0 (Macintosh; Intel Mac OS X 10_15_7) AppleWebKit/537.36 (KHTML, like Gecko) Chrome/140.0.0.0 Safari/537.36",::1,2025-12-02 18:50:02.519932+00
6c046554-1ba9-4e8b-b7dd-92398954247c,3b612947-10a1-478c-81ab-a723687d0edd,"Mozilla/5.0 (Macintosh; Intel Mac OS X 10_15_7) AppleWebKit/537.36 (KHTML, like Gecko) Chrome/142.0.0.0 Safari/537.36",47.218.223.118,2025-12-03 15:40:10.344894+00
6d1a6f96-9458-47e2-bebc-d729c0947ddd,334ad42e-759f-41df-aa5b-4b1668670603,"Mozilla/5.0 (Macintosh; Intel Mac OS X 10_15_7) AppleWebKit/537.36 (KHTML, like Gecko) Chrome/140.0.0.0 Safari/537.36",::1,2025-12-02 18:50:00.226548+00
6d43f9c7-ab3c-4d70-82bb-539af70c0b15,334ad42e-759f-41df-aa5b-4b1668670603,"Mozilla/5.0 (Macintosh; Intel Mac OS X 10_15_7) AppleWebKit/537.36 (KHTML, like Gecko) Chrome/140.0.0.0 Safari/537.36",::1,2025-12-03 15:34:00.199521+00
6e90c8d9-8452-49ce-90ab-a2dbe228797b,334ad42e-759f-41df-aa5b-4b1668670603,"Mozilla/5.0 (Macintosh; Intel Mac OS X 10_15_7) AppleWebKit/537.36 (KHTML, like Gecko) Chrome/140.0.0.0 Safari/537.36",::1,2025-12-03 15:46:57.296601+00
7094e54a-2d5e-4767-955f-1dc664162944,334ad42e-759f-41df-aa5b-4b1668670603,"Mozilla/5.0 (Macintosh; Intel Mac OS X 10_15_7) AppleWebKit/537.36 (KHTML, like Gecko) Chrome/140.0.0.0 Safari/537.36",::1,2025-12-02 21:08:58.914686+00
762fa030-1561-4ad3-b1bd-2fc516a7154b,3b612947-10a1-478c-81ab-a723687d0edd,"Mozilla/5.0 (Macintosh; Intel Mac OS X 10_15_7) AppleWebKit/537.36 (KHTML, like Gecko) Chrome/142.0.0.0 Safari/537.36",47.218.223.118,2025-12-03 16:36:58.014652+00
76ba14b5-ab26-49d4-bc00-a98940b7f869,334ad42e-759f-41df-aa5b-4b1668670603,"Mozilla/5.0 (Macintosh; Intel Mac OS X 10_15_7) AppleWebKit/537.36 (KHTML, like Gecko) Chrome/140.0.0.0 Safari/537.36",::1,2025-12-03 15:46:57.116504+00
7be1d39b-f9a7-470a-9501-9633cfc69be6,334ad42e-759f-41df-aa5b-4b1668670603,"Mozilla/5.0 (Macintosh; Intel Mac OS X 10_15_7) AppleWebKit/537.36 (KHTML, like Gecko) Chrome/140.0.0.0 Safari/537.36",::1,2025-12-02 18:49:17.298454+00
7cdc07cf-1e96-4975-af79-13db29b5f6b9,334ad42e-759f-41df-aa5b-4b1668670603,"Mozilla/5.0 (Macintosh; Intel Mac OS X 10_15_7) AppleWebKit/537.36 (KHTML, like Gecko) Chrome/140.0.0.0 Safari/537.36",::1,2025-12-03 15:47:27.604863+00
7d639672-59ca-49fa-acd0-ae7a5a5dc69f,334ad42e-759f-41df-aa5b-4b1668670603,"Mozilla/5.0 (Macintosh; Intel Mac OS X 10_15_7) AppleWebKit/537.36 (KHTML, like Gecko) Chrome/140.0.0.0 Safari/537.36",::1,2025-12-02 17:42:42.634045+00
7e63c70c-0e05-4c32-b547-5bcb9b96c5e3,334ad42e-759f-41df-aa5b-4b1668670603,"Mozilla/5.0 (Macintosh; Intel Mac OS X 10_15_7) AppleWebKit/537.36 (KHTML, like Gecko) Chrome/140.0.0.0 Safari/537.36",::1,2025-12-02 18:50:02.378393+00
7e8bd5e2-ae1f-4418-b5ed-a5eac82600c0,33adc5c1-5a43-400b-834f-056c9c711ba7,"Mozilla/5.0 (Macintosh; Intel Mac OS X 10_15_7) AppleWebKit/537.36 (KHTML, like Gecko) Chrome/142.0.0.0 Safari/537.36",47.218.223.118,2025-12-10 15:48:49.799622+00
7f4f01d2-b49b-45b1-b579-a419df3885b1,a4534603-72d0-4f6b-831b-c045ec953d7e,"Mozilla/5.0 (iPhone; CPU iPhone OS 18_7 like Mac OS X) AppleWebKit/605.1.15 (KHTML, like Gecko) Version/26.1 Mobile/15E148 Safari/604.1",47.209.117.20,2025-12-13 20:18:58.705751+00
81985515-3894-4814-bee4-e5928233f012,3b612947-10a1-478c-81ab-a723687d0edd,"Mozilla/5.0 (Macintosh; Intel Mac OS X 10_15_7) AppleWebKit/537.36 (KHTML, like Gecko) Chrome/142.0.0.0 Safari/537.36",47.218.223.118,2025-12-03 15:50:29.726291+00
844944c6-7e1f-465d-867f-b6e7c0323293,334ad42e-759f-41df-aa5b-4b1668670603,"Mozilla/5.0 (Macintosh; Intel Mac OS X 10_15_7) AppleWebKit/537.36 (KHTML, like Gecko) Chrome/142.0.0.0 Safari/537.36",::1,2025-12-02 18:49:17.09012+00
857a418c-403d-48b7-a391-3fc5addc6610,334ad42e-759f-41df-aa5b-4b1668670603,"Mozilla/5.0 (Macintosh; Intel Mac OS X 10_15_7) AppleWebKit/537.36 (KHTML, like Gecko) Chrome/140.0.0.0 Safari/537.36",::1,2025-12-03 15:34:18.244294+00
89a5e64a-8d39-4896-8b25-958582a0130e,334ad42e-759f-41df-aa5b-4b1668670603,"Mozilla/5.0 (Macintosh; Intel Mac OS X 10_15_7) AppleWebKit/537.36 (KHTML, like Gecko) Chrome/142.0.0.0 Safari/537.36",::1,2025-12-02 18:49:59.755529+00
8c4a8a94-fc73-4213-8a02-21e85e619fa7,73967b18-c928-4fb0-9ee7-92e8606e2cee,"Mozilla/5.0 (Macintosh; Intel Mac OS X 10_15_7) AppleWebKit/537.36 (KHTML, like Gecko) Chrome/142.0.0.0 Safari/537.36",47.218.223.118,2025-12-05 17:57:46.601578+00
8d43f454-e3b8-4f9c-a971-d81b86492c10,a4534603-72d0-4f6b-831b-c045ec953d7e,"Mozilla/5.0 (Macintosh; Intel Mac OS X 10_15_7) AppleWebKit/537.36 (KHTML, like Gecko) Chrome/142.0.0.0 Safari/537.36",47.218.223.118,2025-12-09 21:02:31.132859+00
8f667697-5f86-46d3-b22f-e2a9cdbb0dae,a4534603-72d0-4f6b-831b-c045ec953d7e,"Mozilla/5.0 (Macintosh; Intel Mac OS X 10_15_7) AppleWebKit/537.36 (KHTML, like Gecko) Chrome/140.0.0.0 Safari/537.36",47.218.223.118,2025-12-12 22:15:00.564386+00
8fd11b5a-9a1c-4c5b-95ea-d5da1d0cd8c8,334ad42e-759f-41df-aa5b-4b1668670603,"Mozilla/5.0 (Macintosh; Intel Mac OS X 10_15_7) AppleWebKit/537.36 (KHTML, like Gecko) Chrome/140.0.0.0 Safari/537.36",::1,2025-12-02 21:08:34.536451+00
90158655-d501-41a9-bc37-a75c0499c22b,3b612947-10a1-478c-81ab-a723687d0edd,"Mozilla/5.0 (Macintosh; Intel Mac OS X 10_15_7) AppleWebKit/605.1.15 (KHTML, like Gecko) Version/18.3 Safari/605.1.15 Ddg/18.6",47.186.170.217,2025-12-15 16:14:41.558954+00
902cc104-69ea-4935-9809-87a12c2e290f,334ad42e-759f-41df-aa5b-4b1668670603,"Mozilla/5.0 (Macintosh; Intel Mac OS X 10_15_7) AppleWebKit/537.36 (KHTML, like Gecko) Chrome/140.0.0.0 Safari/537.36",::1,2025-12-03 15:53:00.540067+00
927b2bb7-2bce-45a9-8199-d2cf4813768f,334ad42e-759f-41df-aa5b-4b1668670603,"Mozilla/5.0 (Macintosh; Intel Mac OS X 10_15_7) AppleWebKit/537.36 (KHTML, like Gecko) Chrome/140.0.0.0 Safari/537.36",::1,2025-12-02 20:18:41.109935+00
931248a3-7842-48d1-8e6a-5334634bdf93,334ad42e-759f-41df-aa5b-4b1668670603,"Mozilla/5.0 (Macintosh; Intel Mac OS X 10_15_7) AppleWebKit/537.36 (KHTML, like Gecko) Chrome/140.0.0.0 Safari/537.36",::1,2025-12-03 15:46:57.234128+00
932bcffb-70a5-4d56-9e35-800430a6c1ec,334ad42e-759f-41df-aa5b-4b1668670603,"Mozilla/5.0 (Macintosh; Intel Mac OS X 10_15_7) AppleWebKit/537.36 (KHTML, like Gecko) Chrome/140.0.0.0 Safari/537.36",::1,2025-12-02 21:08:31.636577+00
94dd2fad-eaff-4647-876e-bc167dc95b0a,a4534603-72d0-4f6b-831b-c045ec953d7e,"Mozilla/5.0 (iPhone; CPU iPhone OS 18_7 like Mac OS X) AppleWebKit/605.1.15 (KHTML, like Gecko) Version/26.1 Mobile/15E148 Safari/604.1",47.209.117.20,2025-12-13 01:02:47.848285+00
96615d37-ed52-4245-969b-2b56140b651f,334ad42e-759f-41df-aa5b-4b1668670603,"Mozilla/5.0 (Macintosh; Intel Mac OS X 10_15_7) AppleWebKit/537.36 (KHTML, like Gecko) Chrome/140.0.0.0 Safari/537.36",::1,2025-12-03 15:46:57.345759+00
9772784e-3f7c-42e0-b97a-c7f22002973e,a4534603-72d0-4f6b-831b-c045ec953d7e,"Mozilla/5.0 (Macintosh; Intel Mac OS X 10_15_7) AppleWebKit/537.36 (KHTML, like Gecko) Chrome/142.0.0.0 Safari/537.36",47.218.223.118,2025-12-09 20:49:16.266995+00
9a4646d1-6e83-402d-8584-dc688c02c17e,3b612947-10a1-478c-81ab-a723687d0edd,"Mozilla/5.0 (Macintosh; Intel Mac OS X 10_15_7) AppleWebKit/537.36 (KHTML, like Gecko) Chrome/143.0.0.0 Safari/537.36",47.218.223.118,2025-12-17 19:59:17.616644+00
9bd08291-3fa1-4c3f-82ec-86b4587d67f6,a4534603-72d0-4f6b-831b-c045ec953d7e,"Mozilla/5.0 (iPhone; CPU iPhone OS 26_1_0 like Mac OS X) AppleWebKit/605.1.15 (KHTML, like Gecko) CriOS/143.0.7499.92 Mobile/15E148 Safari/604.1",47.218.223.118,2025-12-12 23:51:45.974824+00
9c5493a5-0544-4708-b9ab-bed41ef9b5cf,a4534603-72d0-4f6b-831b-c045ec953d7e,"Mozilla/5.0 (iPhone; CPU iPhone OS 18_7 like Mac OS X) AppleWebKit/605.1.15 (KHTML, like Gecko) Version/26.1 Mobile/15E148 Safari/604.1",47.209.117.20,2025-12-13 01:49:29.38298+00
9c8a371f-0ec4-4ec0-b281-1a84dc316610,a4534603-72d0-4f6b-831b-c045ec953d7e,"Mozilla/5.0 (Macintosh; Intel Mac OS X 10_15_7) AppleWebKit/537.36 (KHTML, like Gecko) Chrome/142.0.0.0 Safari/537.36",47.218.223.118,2025-12-09 21:02:39.597479+00
9ebe753c-e04e-427e-b3bb-81e717e1c172,334ad42e-759f-41df-aa5b-4b1668670603,"Mozilla/5.0 (Macintosh; Intel Mac OS X 10_15_7) AppleWebKit/537.36 (KHTML, like Gecko) Chrome/140.0.0.0 Safari/537.36",::1,2025-12-03 15:53:00.735332+00
9f1fb351-de0c-4ecc-8412-fddf7f440981,334ad42e-759f-41df-aa5b-4b1668670603,"Mozilla/5.0 (iPhone; CPU iPhone OS 18_6_2 like Mac OS X) AppleWebKit/605.1.15 (KHTML, like Gecko) Version/18.6 Mobile/15E148 Safari/604.1",47.183.117.101,2025-12-02 23:39:37.776186+00
9f524d6f-976e-464a-bec0-b88251d8e7d5,a9133bd4-8bc3-455a-aeaf-61cf0aa66db9,Mozilla/5.0 (Windows NT 10.0; Win64; x64; rv:145.0) Gecko/20100101 Firefox/145.0,47.218.223.118,2025-12-05 17:56:41.151085+00
a15aea53-bfd6-4ab3-8a91-89567b7ccbba,a4534603-72d0-4f6b-831b-c045ec953d7e,"Mozilla/5.0 (Macintosh; Intel Mac OS X 10_15_7) AppleWebKit/537.36 (KHTML, like Gecko) Chrome/142.0.0.0 Safari/537.36",47.218.223.118,2025-12-09 21:09:52.68706+00
a2d19f48-11fe-482e-a95e-386f8b063e2d,334ad42e-759f-41df-aa5b-4b1668670603,"Mozilla/5.0 (Macintosh; Intel Mac OS X 10_15_7) AppleWebKit/537.36 (KHTML, like Gecko) Chrome/140.0.0.0 Safari/537.36",::1,2025-12-02 20:10:38.305672+00
a3c38503-3fd7-4d26-bf6a-ea97a666aeed,334ad42e-759f-41df-aa5b-4b1668670603,"Mozilla/5.0 (Macintosh; Intel Mac OS X 10_15_7) AppleWebKit/537.36 (KHTML, like Gecko) Chrome/140.0.0.0 Safari/537.36",::1,2025-12-03 15:46:56.200433+00
a66a9717-03ee-4ebb-be45-cc646c028228,334ad42e-759f-41df-aa5b-4b1668670603,"Mozilla/5.0 (iPhone; CPU iPhone OS 18_6_2 like Mac OS X) AppleWebKit/605.1.15 (KHTML, like Gecko) Version/18.6 Mobile/15E148 Safari/604.1",47.218.223.118,2025-12-02 20:42:49.124784+00
a80da2e6-bf53-438f-a7bb-9e8fcd610d80,3b612947-10a1-478c-81ab-a723687d0edd,"Mozilla/5.0 (Macintosh; Intel Mac OS X 10_15_7) AppleWebKit/537.36 (KHTML, like Gecko) Chrome/142.0.0.0 Safari/537.36",47.218.223.118,2025-12-05 16:16:06.466376+00
a81bc9a2-20dc-40d9-b782-6b3477a3f4c2,3b612947-10a1-478c-81ab-a723687d0edd,"Mozilla/5.0 (Macintosh; Intel Mac OS X 10_15_7) AppleWebKit/537.36 (KHTML, like Gecko) Chrome/143.0.0.0 Safari/537.36",47.218.223.118,2025-12-19 14:55:02.67465+00
a859ad85-19f5-4f74-a733-c2c270563c5e,334ad42e-759f-41df-aa5b-4b1668670603,"Mozilla/5.0 (Macintosh; Intel Mac OS X 10_15_7) AppleWebKit/537.36 (KHTML, like Gecko) Chrome/140.0.0.0 Safari/537.36",::1,2025-12-02 20:21:29.972122+00
a93702a8-a958-4bf4-86c9-8fdefe387b46,334ad42e-759f-41df-aa5b-4b1668670603,"Mozilla/5.0 (Macintosh; Intel Mac OS X 10_15_7) AppleWebKit/537.36 (KHTML, like Gecko) Chrome/140.0.0.0 Safari/537.36",::1,2025-12-02 18:49:17.477543+00
a9523d27-406a-4249-ace1-7805e8ba57ab,334ad42e-759f-41df-aa5b-4b1668670603,"Mozilla/5.0 (Macintosh; Intel Mac OS X 10_15_7) AppleWebKit/537.36 (KHTML, like Gecko) Chrome/140.0.0.0 Safari/537.36",::1,2025-12-02 18:49:59.99578+00
ad89a67a-d965-48fc-90b6-45110c8df5a4,334ad42e-759f-41df-aa5b-4b1668670603,"Mozilla/5.0 (Macintosh; Intel Mac OS X 10_15_7) AppleWebKit/537.36 (KHTML, like Gecko) Chrome/140.0.0.0 Safari/537.36",::1,2025-12-02 18:50:02.114619+00
ae6e6de4-7795-40b9-a522-e528c0698c22,334ad42e-759f-41df-aa5b-4b1668670603,"Mozilla/5.0 (Macintosh; Intel Mac OS X 10_15_7) AppleWebKit/537.36 (KHTML, like Gecko) Chrome/140.0.0.0 Safari/537.36",::1,2025-12-02 17:59:23.350059+00
b0bdf9bc-ded1-4b7a-82e1-1f63e8ea4bce,334ad42e-759f-41df-aa5b-4b1668670603,"Mozilla/5.0 (Macintosh; Intel Mac OS X 10_15_7) AppleWebKit/537.36 (KHTML, like Gecko) Chrome/142.0.0.0 Safari/537.36",::1,2025-12-02 18:51:20.697368+00
b1630eaa-7bac-4c01-9d1b-d7c676b06ec7,334ad42e-759f-41df-aa5b-4b1668670603,"Mozilla/5.0 (Macintosh; Intel Mac OS X 10_15_7) AppleWebKit/537.36 (KHTML, like Gecko) Chrome/140.0.0.0 Safari/537.36",::1,2025-12-03 15:45:56.780955+00
b28cb740-e680-488f-b807-a4cafceab150,334ad42e-759f-41df-aa5b-4b1668670603,"Mozilla/5.0 (Macintosh; Intel Mac OS X 10_15_7) AppleWebKit/537.36 (KHTML, like Gecko) Chrome/140.0.0.0 Safari/537.36",::1,2025-12-02 18:58:59.457425+00
b29b7aff-5b47-4e74-8b9f-d10046546211,33adc5c1-5a43-400b-834f-056c9c711ba7,Slackbot-LinkExpanding 1.0 (+https://api.slack.com/robots),54.227.20.84,2025-12-08 18:00:35.701249+00
b2ec3d0e-9e43-4eae-8ae6-ee22c798e57d,334ad42e-759f-41df-aa5b-4b1668670603,"Mozilla/5.0 (Macintosh; Intel Mac OS X 10_15_7) AppleWebKit/537.36 (KHTML, like Gecko) Chrome/142.0.0.0 Safari/537.36",::1,2025-12-02 18:50:02.542192+00
b3063ac6-13d0-4b85-aae6-44a67abe9cda,33adc5c1-5a43-400b-834f-056c9c711ba7,"Mozilla/5.0 (iPhone; CPU iPhone OS 18_7 like Mac OS X) AppleWebKit/605.1.15 (KHTML, like Gecko) Version/26.1 Mobile/15E148 Safari/604.1",99.68.64.29,2025-12-09 19:26:01.635265+00
b585e884-9c87-46d1-9da8-f977046a876e,33adc5c1-5a43-400b-834f-056c9c711ba7,"Mozilla/5.0 (Macintosh; Intel Mac OS X 10_15_7) AppleWebKit/537.36 (KHTML, like Gecko) Chrome/142.0.0.0 Safari/537.36",47.218.223.118,2025-12-08 22:11:34.392266+00
b67c849a-d036-4db1-a2f0-322d65a8b6ca,334ad42e-759f-41df-aa5b-4b1668670603,"Mozilla/5.0 (Macintosh; Intel Mac OS X 10_15_7) AppleWebKit/537.36 (KHTML, like Gecko) Chrome/142.0.0.0 Safari/537.36",::1,2025-12-02 18:49:17.040126+00
b6ed852d-08c8-47ab-9967-3f8f2d127b6d,334ad42e-759f-41df-aa5b-4b1668670603,"Mozilla/5.0 (Macintosh; Intel Mac OS X 10_15_7) AppleWebKit/537.36 (KHTML, like Gecko) Chrome/140.0.0.0 Safari/537.36",::1,2025-12-02 18:51:20.674611+00
baf7ad31-cbf1-4dc4-8c9c-9b3653e4fd64,334ad42e-759f-41df-aa5b-4b1668670603,"Mozilla/5.0 (Macintosh; Intel Mac OS X 10_15_7) AppleWebKit/537.36 (KHTML, like Gecko) Chrome/140.0.0.0 Safari/537.36",::1,2025-12-03 15:46:56.226798+00
bd7e7e2b-ab9f-4e6d-8cad-6553705a05d6,334ad42e-759f-41df-aa5b-4b1668670603,"Mozilla/5.0 (Macintosh; Intel Mac OS X 10_15_7) AppleWebKit/537.36 (KHTML, like Gecko) Chrome/140.0.0.0 Safari/537.36",::1,2025-12-02 20:57:47.048837+00
bf145a7b-1f86-47be-adcf-aa0d94c2a895,334ad42e-759f-41df-aa5b-4b1668670603,"Mozilla/5.0 (Macintosh; Intel Mac OS X 10_15_7) AppleWebKit/537.36 (KHTML, like Gecko) Chrome/140.0.0.0 Safari/537.36",::1,2025-12-02 18:49:59.681113+00
cb5445d6-6788-44ca-8499-de823d4d4809,334ad42e-759f-41df-aa5b-4b1668670603,"Mozilla/5.0 (Macintosh; Intel Mac OS X 10_15_7) AppleWebKit/537.36 (KHTML, like Gecko) Chrome/140.0.0.0 Safari/537.36",::1,2025-12-02 20:53:09.590739+00
cbeb89a4-a52d-40d1-b50e-d8e33e3559a2,33adc5c1-5a43-400b-834f-056c9c711ba7,"Mozilla/5.0 (Macintosh; Intel Mac OS X 10_15_7) AppleWebKit/537.36 (KHTML, like Gecko) Chrome/142.0.0.0 Safari/537.36",47.218.223.118,2025-12-08 17:59:19.662305+00
ccae7f8a-48e9-425d-93fb-6359518888ba,334ad42e-759f-41df-aa5b-4b1668670603,"Mozilla/5.0 (Macintosh; Intel Mac OS X 10_15_7) AppleWebKit/537.36 (KHTML, like Gecko) Chrome/142.0.0.0 Safari/537.36",::1,2025-12-02 17:58:42.216697+00
cd23510c-abbe-4bc6-801f-0df93250fb27,334ad42e-759f-41df-aa5b-4b1668670603,"Mozilla/5.0 (Macintosh; Intel Mac OS X 10_15_7) AppleWebKit/537.36 (KHTML, like Gecko) Chrome/142.0.0.0 Safari/537.36",::1,2025-12-02 18:49:59.619717+00
d1f84a52-1787-4c9c-8967-b5b3360f22cd,334ad42e-759f-41df-aa5b-4b1668670603,"Mozilla/5.0 (Macintosh; Intel Mac OS X 10_15_7) AppleWebKit/537.36 (KHTML, like Gecko) Chrome/140.0.0.0 Safari/537.36",::1,2025-12-02 21:07:46.48872+00
d38eeeda-eec8-44f0-bea5-55d93eeb3ea9,334ad42e-759f-41df-aa5b-4b1668670603,"Mozilla/5.0 (Macintosh; Intel Mac OS X 10_15_7) AppleWebKit/537.36 (KHTML, like Gecko) Chrome/140.0.0.0 Safari/537.36",::1,2025-12-03 15:53:00.507283+00
d48d517d-57ee-47ca-a049-1686bf9d85c5,334ad42e-759f-41df-aa5b-4b1668670603,"Mozilla/5.0 (Macintosh; Intel Mac OS X 10_15_7) AppleWebKit/537.36 (KHTML, like Gecko) Chrome/140.0.0.0 Safari/537.36",::1,2025-12-02 18:44:56.946441+00
d58f4b71-de49-4039-8247-366f3221b2fa,334ad42e-759f-41df-aa5b-4b1668670603,"Mozilla/5.0 (Macintosh; Intel Mac OS X 10_15_7) AppleWebKit/537.36 (KHTML, like Gecko) Chrome/140.0.0.0 Safari/537.36",::1,2025-12-03 15:46:56.654659+00
d974b2c0-1c9a-4fca-abcc-4c8bc7079105,3b612947-10a1-478c-81ab-a723687d0edd,Slackbot-LinkExpanding 1.0 (+https://api.slack.com/robots),18.210.22.217,2025-12-03 16:36:55.519145+00
d9a7f3e5-d5ca-4243-8400-7130c79177bc,334ad42e-759f-41df-aa5b-4b1668670603,"Mozilla/5.0 (Macintosh; Intel Mac OS X 10_15_7) AppleWebKit/537.36 (KHTML, like Gecko) Chrome/140.0.0.0 Safari/537.36",::1,2025-12-03 15:47:44.742141+00
da359000-9061-4235-ab56-7930cccafd1a,334ad42e-759f-41df-aa5b-4b1668670603,"Mozilla/5.0 (iPhone; CPU iPhone OS 18_6_2 like Mac OS X) AppleWebKit/605.1.15 (KHTML, like Gecko) Version/18.6 Mobile/15E148 Safari/604.1",47.218.223.118,2025-12-02 21:02:48.509126+00
da55a3f2-c391-409d-8d4e-c25f2f11c65d,a4534603-72d0-4f6b-831b-c045ec953d7e,"Mozilla/5.0 (iPhone; CPU iPhone OS 26_1_0 like Mac OS X) AppleWebKit/605.1.15 (KHTML, like Gecko) CriOS/143.0.7499.92 Mobile/15E148 Safari/604.1",47.218.223.118,2025-12-12 23:51:24.873949+00
dc5630fa-fb0f-402b-bc5e-9951b4647f70,334ad42e-759f-41df-aa5b-4b1668670603,"Mozilla/5.0 (Macintosh; Intel Mac OS X 10_15_7) AppleWebKit/537.36 (KHTML, like Gecko) Chrome/140.0.0.0 Safari/537.36",::1,2025-12-03 15:46:56.130377+00
dff76838-7c9b-42ed-b555-bf6c2f221e38,334ad42e-759f-41df-aa5b-4b1668670603,"Mozilla/5.0 (Macintosh; Intel Mac OS X 10_15_7) AppleWebKit/537.36 (KHTML, like Gecko) Chrome/140.0.0.0 Safari/537.36",::1,2025-12-03 15:53:00.557986+00
e8d99ecc-5555-478e-ad86-56433db091b2,3b612947-10a1-478c-81ab-a723687d0edd,"Mozilla/5.0 (Macintosh; Intel Mac OS X 10_15_7) AppleWebKit/537.36 (KHTML, like Gecko) Chrome/142.0.0.0 Safari/537.36",47.218.223.118,2025-12-03 15:13:46.782316+00
eacdceaa-ec3a-415a-b470-9477bc338728,5f2293e9-88f9-4df0-99be-a394689dbe5c,"Mozilla/5.0 (Macintosh; Intel Mac OS X 10_15_7) AppleWebKit/537.36 (KHTML, like Gecko) Chrome/142.0.0.0 Safari/537.36",47.218.223.118,2025-12-05 17:51:30.281256+00
ee5f490d-3bad-47a2-8059-47363209a5f6,334ad42e-759f-41df-aa5b-4b1668670603,"Mozilla/5.0 (Macintosh; Intel Mac OS X 10_15_7) AppleWebKit/537.36 (KHTML, like Gecko) Chrome/140.0.0.0 Safari/537.36",::1,2025-12-03 15:46:56.715287+00
ee73a23c-635d-4d8d-b949-19cb593a8d18,3b612947-10a1-478c-81ab-a723687d0edd,"Mozilla/5.0 (Macintosh; Intel Mac OS X 10_15_7) AppleWebKit/537.36 (KHTML, like Gecko) Chrome/143.0.0.0 Safari/537.36",47.218.223.118,2025-12-15 16:04:25.152196+00
ee7e8ecf-0016-4cf2-9439-30e612100723,334ad42e-759f-41df-aa5b-4b1668670603,"Mozilla/5.0 (Macintosh; Intel Mac OS X 10_15_7) AppleWebKit/537.36 (KHTML, like Gecko) Chrome/140.0.0.0 Safari/537.36",::1,2025-12-02 18:54:21.847945+00
ef20b14e-8418-423e-a978-19a6225cc5ab,334ad42e-759f-41df-aa5b-4b1668670603,"Mozilla/5.0 (Macintosh; Intel Mac OS X 10_15_7) AppleWebKit/537.36 (KHTML, like Gecko) Chrome/142.0.0.0 Safari/537.36",47.218.223.118,2025-12-09 20:10:38.670387+00
efac8673-5087-4e25-9e4d-209d76ff93f9,334ad42e-759f-41df-aa5b-4b1668670603,"Mozilla/5.0 (Macintosh; Intel Mac OS X 10_15_7) AppleWebKit/537.36 (KHTML, like Gecko) Chrome/142.0.0.0 Safari/537.36",::1,2025-12-02 17:58:55.483118+00
f1e99afd-828e-4e53-bb89-ab21233a96a6,334ad42e-759f-41df-aa5b-4b1668670603,"Mozilla/5.0 (Macintosh; Intel Mac OS X 10_15_7) AppleWebKit/537.36 (KHTML, like Gecko) Chrome/140.0.0.0 Safari/537.36",::1,2025-12-02 20:59:14.917941+00
f55b22a7-e2c0-4408-82d5-782bd6cb5d70,334ad42e-759f-41df-aa5b-4b1668670603,"Mozilla/5.0 (Macintosh; Intel Mac OS X 10_15_7) AppleWebKit/537.36 (KHTML, like Gecko) Chrome/140.0.0.0 Safari/537.36",::1,2025-12-02 21:08:11.171996+00
f5707fd7-9fe8-4e3b-9a04-2d4013c0f5e7,334ad42e-759f-41df-aa5b-4b1668670603,"Mozilla/5.0 (Macintosh; Intel Mac OS X 10_15_7) AppleWebKit/537.36 (KHTML, like Gecko) Chrome/140.0.0.0 Safari/537.36",::1,2025-12-02 21:06:21.292121+00
f8b2e279-f446-49fa-97ae-7ea6a63b3f2a,334ad42e-759f-41df-aa5b-4b1668670603,"Mozilla/5.0 (Macintosh; Intel Mac OS X 10_15_7) AppleWebKit/537.36 (KHTML, like Gecko) Chrome/140.0.0.0 Safari/537.36",::1,2025-12-02 21:08:01.164745+00
fba81f66-f288-4994-9a62-f7e2101e8846,334ad42e-759f-41df-aa5b-4b1668670603,"Mozilla/5.0 (Macintosh; Intel Mac OS X 10_15_7) AppleWebKit/537.36 (KHTML, like Gecko) Chrome/140.0.0.0 Safari/537.36",::1,2025-12-02 21:04:56.258716+00
fbc0c609-d94f-475f-a3db-672cfdb390ce,3b612947-10a1-478c-81ab-a723687d0edd,Slackbot-LinkExpanding 1.0 (+https://api.slack.com/robots),54.152.100.229,2025-12-03 15:14:07.374392+00